Product_ID,Product_Name,Product_Category,Color,Cost,Price
273,Brown-Johnson wqT_0242,Kindle Store,Wheat,1462.14,1818.58
110,Scott-Bryant Iux_5555,Beauty,LavenderBlush,2530.82,3280.78
178,Bailey-Carroll Jsr_3557,Automotive,WhiteSmoke,4730.59,5784.27
382,"Carter, Davis and Miller ZEU_3045",Pet Supplies,Ivory,2258.18,2637.71
170,"Mack, Salas and Mitchell bzA_0563",Electronics,PowderBlue,4995.61,5560.9
213,Hamilton-Marshall iLA_8195,CDs and Vinyl,LightSkyBlue,1116.49,1261.46
404,Thompson-Jackson FcX_8988,Apps for Android,Aqua,1003.79,1278.02
20,"York, Adkins and Mcdonald eqk_8574",Cell Phones and Accessories,Teal,948.73,1175.58
342,Hunt PLC tor_1447,"Patio, Lawn and Garden",Chartreuse,4812.9,5307.35
144,Ball PLC Sbz_9536,Toys and Games,PowderBlue,3117.16,3780.71
210,"Carpenter, Dougherty and Richard wdv_3710",Digital Music,Khaki,945.06,1087.54
15,Russell-Jones xyV_7399,Books,AntiqueWhite,2603.25,2972.14
83,"Smith, Matthews and Harris oDS_7306",CDs and Vinyl,OrangeRed,462.19,523.54
150,"Brown, Davis and Curtis exz_1477",Grocery and Gourmet Food,AliceBlue,2655.55,2985.61
235,Meyer PLC QdW_3213,Cell Phones and Accessories,LightYellow,2462.72,2971.83
316,Crane and Sons iYJ_3883,Health and Personal Care,LightGray,2072.36,2593.6
156,Reynolds Inc vQZ_3037,Electronics,LightSkyBlue,2028.75,2626.74
378,Ramirez PLC Qfi_8237,"Clothing, Shoes and Jewelry",PaleTurquoise,3992.05,5170.87
175,"Taylor, Montoya and Moss Iwn_6247",CDs and Vinyl,Lime,2846.42,3597.64
416,Jackson-Harrison JST_0772,Cell Phones and Accessories,LightGray,701.52,793.79
425,Miller PLC VWb_4822,Electronics,LightGreen,4509.56,4999.9
394,Chen-Long LVc_3923,Home and Kitchen,DarkGoldenRod,4488.65,5200.75
431,"Jimenez, Rogers and Prince eZe_5553",Instant Video,WhiteSmoke,4659.6,5478.69
77,"Curry, Zamora and Mendoza YBx_0360",Tools and Home Improvement,Plum,2266.72,2850.21
197,Brown-Kelly pVK_1427,Baby,BlueViolet,4381.63,5037.89
21,Fisher-Miller Hdk_3884,"Patio, Lawn and Garden",DarkSlateBlue,4134.13,4941.29
79,Jones-Martin REw_1802,Office Products,BlanchedAlmond,4903.84,5804.53
265,Jones-Ball HVa_9042,Office Products,Coral,232.19,279.54
183,Knight Ltd Djm_4157,Electronics,DarkMagenta,388.45,478.38
268,"Haas, Hill and Noble DgN_3969",Grocery and Gourmet Food,Plum,1058.59,1357.21
353,Castaneda-Woods adz_9449,Health and Personal Care,MediumAquaMarine,4023.78,4575.77
490,Giles-Phillips jKc_7560,Digital Music,PaleTurquoise,3808.62,4379.26
173,Vargas-Cantrell wvh_1405,Digital Music,PapayaWhip,1944.01,2411.27
256,Henderson-Williams UaJ_7165,Office Products,DarkRed,1712.23,1970.69
67,Duncan-Patton DHU_3248,Office Products,LavenderBlush,1253.97,1530.91
371,Andersen and Sons uTw_4485,Electronics,Black,1553.34,1752.01
64,"White, Mills and Williams qnH_1604",Electronics,LemonChiffon,1566.27,1792.14
12,Miller PLC kGR_2273,Musical Instruments,Pink,3966.11,4521.34
458,"Orozco, Rhodes and Hayes uXx_9825",Books,Wheat,2783.37,3191.02
424,Perkins LLC xRb_0256,Books,MediumOrchid,1843.33,2197.77
501,Liu and Sons Xlf_6157,Automotive,Gainsboro,4595.11,5683.4
310,Snyder-Schultz dPl_1453,Tools and Home Improvement,LawnGreen,612.19,692.05
439,"Scott, Ortega and Ramos jNf_3783","Clothing, Shoes and Jewelry",MistyRose,3106.93,3648.88
456,"Campos, Mcdonald and Haley TnK_3120",Books,Green,3379.51,3904.4
412,Oneill-Christensen YRe_2501,Health and Personal Care,BlanchedAlmond,1021.48,1150.06
301,Alvarez-Evans qvM_4503,Automotive,Olive,4871.44,6191.21
299,"Owens, Robinson and Lowe qfk_8491",Digital Music,MediumSpringGreen,2182.29,2776.6
343,"Ellis, Scott and West eyb_7978",Digital Music,Ivory,3358.55,4101.42
460,Gregory Inc rJV_2204,Kindle Store,CadetBlue,2051.76,2636.51
332,Maynard-Green TAL_6590,Tools and Home Improvement,DarkOrange,647.53,720.58
44,Rice PLC dWq_8034,Kindle Store,LightGray,1301.91,1665.85
69,"Johnson, Calderon and Eaton VCo_4637",Books,MediumVioletRed,1620.89,1968.05
482,"Sparks, Preston and Stephens syf_3738",Apps for Android,LightCoral,1863.86,2156.52
22,Shaw-Crosby Yqd_4648,Home and Kitchen,OldLace,268.92,308.83
251,Owens Group TYg_7654,CDs and Vinyl,DeepPink,2922.37,3401.16
219,Smith Group hha_0891,Grocery and Gourmet Food,MediumTurquoise,3813.65,4605.6
125,Herrera LLC aHv_5808,Sports and Outdoors,FloralWhite,1239.27,1480.65
334,Hawkins-Cruz ZkB_8347,Home and Kitchen,LightGreen,2124.42,2710.4
395,Robinson-Arnold ExC_5976,Movies and TV,Moccasin,2822.41,3134.67
326,Sullivan-Fox sXw_7155,Baby,Sienna,782.71,913.61
231,Wells Group ntq_0681,Tools and Home Improvement,CornflowerBlue,1467.94,1747.42
73,Hunter-Keller ybP_2831,Digital Music,OldLace,1406.66,1723.71
156,Williams Group KMr_2924,Office Products,SteelBlue,2799.44,3243.93
381,"Higgins, Shelton and Atkins skz_3573",Health and Personal Care,LightCyan,4473.79,5049.62
123,"Jackson, Bolton and Davenport xqC_3810",Tools and Home Improvement,Plum,3723.14,4766.65
27,Brown and Sons nIB_0618,Office Products,Bisque,2615.1,3158.53
94,Sullivan Ltd PXy_5044,Movies and TV,Navy,1637.76,1873.04
359,"Edwards, Woodard and Stewart wLn_6263",Digital Music,Coral,1920.84,2409.1
364,"Williams, Jones and Roberts mpq_8277",Sports and Outdoors,LightGray,221.85,284.09
390,Powers-Saunders iHl_0040,Apps for Android,LightSteelBlue,2009.2,2450.93
1,Ramos and Sons gJc_8058,Toys and Games,Green,2106.56,2433.04
130,Kelly-Reynolds Ppl_3737,Health and Personal Care,DimGray,491.33,576.76
308,Martin-Baldwin Ypr_0759,Grocery and Gourmet Food,Orchid,2244.09,2884.7
172,Johnson LLC iNz_6179,Sports and Outdoors,LightSlateGray,2014.91,2335.07
435,Chase PLC rHB_0121,CDs and Vinyl,Indigo,1690.99,1861.25
65,"Ramos, Delgado and Bryant GXi_1070",Baby,CornflowerBlue,4397.58,5672.44
28,Hall Inc qhd_0074,CDs and Vinyl,Lime,1541.15,1801.34
379,"Frazier, Martin and Perry IbE_6855",Digital Music,LightGray,4079.54,5161.34
150,"Parker, Stuart and Ferrell upO_9764",Electronics,PapayaWhip,1526.74,1964.77
92,Hurley-Turner duP_8171,Office Products,Green,1084.12,1365.1
196,Holt-Cochran nKd_2692,Books,BurlyWood,4764.82,5373.68
326,Harmon-Jacobs GGs_1844,Tools and Home Improvement,MediumOrchid,2819.4,3213.95
485,Lin PLC bhE_1519,Kindle Store,MediumSlateBlue,1434.63,1607.56
284,"Ortiz, Wallace and Young CFx_6138","Patio, Lawn and Garden",DarkViolet,4025.15,5161.39
411,Ramos-Miranda ZyQ_6118,Grocery and Gourmet Food,DarkGoldenRod,1442.11,1863.47
186,Allison-Ball Kol_2895,Tools and Home Improvement,Blue,2842.87,3486.76
318,Perez LLC xuV_3528,Sports and Outdoors,LawnGreen,3044.12,3780.23
491,Huynh Group Bhn_8495,Pet Supplies,SeaShell,1578.8,1900.03
359,Lewis PLC ptP_9066,Apps for Android,Azure,838.76,934.72
270,Jacobs Group jaw_0386,Electronics,MediumSeaGreen,1846.79,2156.79
205,Williams-Ramirez sgH_8588,Health and Personal Care,Turquoise,2498.59,3236.5
463,"Martinez, Sanchez and Matthews vik_3251",Automotive,Green,2569.71,3281.41
391,Cook-Dunlap WGB_2780,Electronics,PapayaWhip,1480.23,1920.53
447,Alvarez PLC Uhe_5473,Kindle Store,FloralWhite,3736.6,4476.73
390,"Edwards, Dunn and Mann cZR_9049",Apps for Android,LawnGreen,1160.94,1340.43
467,Perez-Rivera Cpj_5847,Home and Kitchen,Maroon,876.86,977.59
274,"Gibson, Martin and Garcia JFm_0747",Automotive,LawnGreen,577.12,637.54
360,Myers LLC zBM_1452,Cell Phones and Accessories,BurlyWood,4830.44,5760.98
344,"Huynh, Mata and Goodwin cgV_1763",Sports and Outdoors,Gold,3581.84,4218.98
76,Alexander PLC ELa_0799,Books,MediumTurquoise,1360.41,1508.5
378,Bryant Ltd XxP_3992,Tools and Home Improvement,PaleGoldenRod,4390.74,5295.75
191,Mason-Salazar yeQ_9634,Tools and Home Improvement,Ivory,2827.4,3331.59
107,Friedman-Anderson Eyy_2431,Grocery and Gourmet Food,OliveDrab,3259.11,4034.24
460,"Reynolds, Myers and Ruiz jdA_8084",Toys and Games,FloralWhite,4943.99,6367.48
209,Stevens Inc pKo_2037,"Patio, Lawn and Garden",LightSteelBlue,4021.61,4855.04
188,Johnson PLC wiO_3509,Beauty,Beige,2076.18,2656.97
36,"Wiley, Olsen and Palmer oBk_9350",Grocery and Gourmet Food,PaleGreen,4564.58,5470.6
319,Cunningham LLC qJm_1351,Apps for Android,FloralWhite,4920.35,5772.55
425,Smith Group NNX_3073,Kindle Store,LightSalmon,4730.21,6114.16
494,"Rojas, Turner and Lee HWY_4772",Grocery and Gourmet Food,IndianRed,4763.41,5808.73
154,Brown Inc EUk_0307,Baby,Gray,412.33,484.49
256,Avery-Hicks Aco_3863,Musical Instruments,Wheat,1470.78,1803.77
5,Delacruz Group PBa_8403,Digital Music,PapayaWhip,1179.34,1420.44
438,Reid and Sons Wdo_3414,Movies and TV,Lime,4705.48,5299.65
252,Simpson and Sons YUa_0019,Pet Supplies,LightCyan,4403.47,5133.92
269,Mcintyre-Chapman itP_7137,Toys and Games,Brown,4902.02,6079.23
340,Greene PLC oQF_6383,Pet Supplies,Snow,2941.77,3278.35
167,Thomas PLC HPx_7368,Movies and TV,DarkGoldenRod,2355.55,2996.44
39,Bernard-Salazar QoM_8753,Kindle Store,NavajoWhite,3505.21,4246.67
379,Carter-Hill FPC_2555,Digital Music,LightBlue,439.41,536.31
443,Long Inc FMG_8232,Musical Instruments,AliceBlue,4672.19,5655.18
264,Maddox LLC Yas_8782,Instant Video,FireBrick,4209.82,4725.15
190,"Martin, Rios and Lee GYo_5610",CDs and Vinyl,Salmon,3392.21,3903.74
82,Stephens-Orr NLf_0149,Musical Instruments,DarkSalmon,1011.15,1116.74
281,Watkins-Walker lsQ_1150,Tools and Home Improvement,Fuchsia,4935.03,5472.96
358,Smith-Mendez Pmk_8279,Musical Instruments,MintCream,4905.64,5962.27
234,Willis Inc GAI_0085,Digital Music,Aquamarine,706.35,820.78
285,"Jackson, Mitchell and Meyer YFr_5934",Automotive,Green,468.73,522.34
188,"Woods, Thomas and Adkins hkA_6660",Automotive,Aquamarine,1988.26,2513.54
51,Murphy-Bradley Tpn_4663,Baby,DarkOliveGreen,2070.08,2660.34
151,Smith Ltd SWf_8061,Instant Video,BurlyWood,2787.7,3417.13
407,"Day, Adams and King OLP_8242",Digital Music,Coral,2456.82,3027.46
350,Stevens-Gonzalez khj_9474,Grocery and Gourmet Food,Wheat,1088.68,1212.93
486,Bautista Ltd wGI_4597,Video Games,OliveDrab,3661.99,4631.32
204,"Gregory, Hayes and Powell JiO_6361",Beauty,Beige,4061.52,4746.29
428,Campos-Ross lhS_0681,Movies and TV,DarkMagenta,4424.07,5451.66
277,"Schneider, Evans and Hill pDB_3299","Patio, Lawn and Garden",PaleTurquoise,4809.73,6247.85
47,Gomez LLC IFX_9280,Sports and Outdoors,RosyBrown,1717.22,1997.52
368,Koch-Alvarez mFo_3468,Pet Supplies,DarkTurquoise,4362.08,5508.32
231,Garza-Shelton vLt_3127,"Clothing, Shoes and Jewelry",MediumOrchid,379.34,453.73
199,"Mason, Fleming and Williams ZME_9015",Baby,MintCream,1753.18,1982.54
194,Gonzalez Ltd IfE_2207,Kindle Store,NavajoWhite,529.39,627.5
318,Cox-Jones YHu_9467,Grocery and Gourmet Food,DarkSlateBlue,4819.63,5564.57
51,"White, Clark and Hall ikQ_9690","Patio, Lawn and Garden",Plum,2609.86,2886.41
263,Booth-Wiley SCZ_2916,Baby,PaleGoldenRod,4014.12,4507.17
406,Bailey Inc Cdk_5546,"Clothing, Shoes and Jewelry",DeepSkyBlue,285.15,331.72
272,Lewis PLC xtS_2626,Video Games,NavajoWhite,1156.93,1326.94
324,"Barber, Jones and Jones Bkw_4596",Apps for Android,DarkTurquoise,2139.94,2477.8
11,"Knox, Alexander and Mccoy pWR_9144",Toys and Games,Pink,117.88,134.39
242,Baker-Lee nLK_5245,Apps for Android,Cornsilk,2556.66,3188.63
179,"Dillon, Morgan and Johnson SYb_3681",Video Games,Ivory,4699.75,5634.74
69,"Burton, White and Foster tRF_3132","Clothing, Shoes and Jewelry",ForestGreen,3152.02,3684.24
416,Smith-Tran Wsq_9270,Toys and Games,BurlyWood,976.0,1106.76
96,"Beard, Lopez and Roberts sRR_0560","Patio, Lawn and Garden",SteelBlue,689.4,827.5
418,Strickland-Hendricks SSf_2822,"Patio, Lawn and Garden",HotPink,1288.48,1573.17
489,Hampton Ltd lQV_7827,Beauty,HotPink,990.36,1228.95
17,King-Williams cUd_4885,Pet Supplies,MidnightBlue,1376.63,1724.56
491,Lindsey-Brown OYx_9021,Cell Phones and Accessories,Beige,3698.48,4564.46
136,Ferguson Ltd zbu_2049,Video Games,Cyan,976.82,1077.81
469,Moore Ltd GKX_4936,CDs and Vinyl,SeaShell,3808.42,4906.3
86,"Burgess, Miller and Perez wwQ_4442",Musical Instruments,LawnGreen,2316.85,2693.41
498,"Lee, Horn and Wall yNb_8766","Patio, Lawn and Garden",Thistle,1610.05,1821.92
222,Richardson LLC Ope_3574,Beauty,MediumAquaMarine,4030.63,5231.83
42,Martin-Cabrera yUZ_8075,Movies and TV,SteelBlue,1729.25,2238.66
462,Mayer-Hall AJc_7355,CDs and Vinyl,DarkCyan,4417.28,5300.77
238,Fisher-Sanchez VWQ_6713,"Patio, Lawn and Garden",AliceBlue,3532.25,4548.38
455,Leach-Andrade vAS_0694,Health and Personal Care,Yellow,1202.66,1347.95
21,"Andrade, Knight and Murillo bmy_5718",Apps for Android,LavenderBlush,736.3,875.72
455,Powell PLC cXu_6153,Sports and Outdoors,PapayaWhip,3046.66,3841.54
242,Jackson-Sosa bJJ_6084,Digital Music,DeepPink,752.95,870.27
48,Underwood-Whitehead ewL_8186,Digital Music,OliveDrab,857.58,1099.43
30,Fuller-Lamb xMI_0540,CDs and Vinyl,RosyBrown,1042.14,1243.92
147,Trevino-Smith DzU_2939,Movies and TV,Pink,3059.38,3433.47
122,Robinson-Norton BTI_5227,Movies and TV,LawnGreen,3710.63,4157.66
311,"Wilkins, Graves and Dawson RLr_6224",Tools and Home Improvement,Purple,2518.56,3137.8
432,Riley Group xfa_9165,Digital Music,SeaShell,3417.96,3884.7
252,"Little, Mcdonald and Hoffman lDN_9065",Video Games,BlueViolet,2698.02,3182.99
447,Sullivan LLC cyw_2825,Health and Personal Care,MediumSlateBlue,1643.57,1884.19
499,Davenport Group Ojy_2072,Baby,LightSlateGray,3181.53,3988.96
115,Williams-Martin zVt_8080,Health and Personal Care,LimeGreen,2003.21,2461.9
448,Mccarty Ltd sal_2441,Musical Instruments,Wheat,4791.31,5857.73
283,"Gonzalez, Perez and Jones dUE_5095",Apps for Android,DarkMagenta,2056.12,2425.54
279,French PLC nGW_6601,"Clothing, Shoes and Jewelry",Tomato,1725.54,2238.22
299,"Johnson, Joyce and Wallace sOA_3510",Movies and TV,MediumSlateBlue,3253.79,3955.36
220,Ellison LLC nYo_0727,Home and Kitchen,IndianRed,2195.13,2481.9
106,"Murphy, White and Vasquez Xfm_9049",Health and Personal Care,LightPink,2176.5,2768.34
401,Martin PLC SUm_6629,Instant Video,PeachPuff,3351.19,4328.7
45,Doyle Inc ZCs_1920,Automotive,Orange,1017.58,1120.52
8,Holder-Anderson PDA_7696,Apps for Android,LawnGreen,276.9,356.63
274,Allen Ltd OZs_7194,Video Games,LemonChiffon,232.01,299.75
395,Payne Group AuJ_3059,CDs and Vinyl,Thistle,2193.08,2657.21
105,"Reyes, Bennett and Fischer XSU_0499",Pet Supplies,DarkSeaGreen,1975.19,2414.39
463,Mathis-Carroll HDF_7680,Movies and TV,DeepSkyBlue,587.9,682.22
330,"Wilson, Davenport and Turner FRa_7529",Apps for Android,MediumPurple,1026.3,1298.43
175,Williams-Sanders dLT_1477,Electronics,DarkSlateGray,994.84,1237.58
369,Lee PLC uKl_5136,Toys and Games,Coral,1927.1,2472.9
94,Jackson LLC vPT_8232,Home and Kitchen,MintCream,392.92,440.31
406,Thompson-Austin nzO_0356,Automotive,BurlyWood,813.66,902.0
304,Fleming PLC Ptf_8780,Movies and TV,LightSkyBlue,4097.27,5221.14
236,Mitchell-Cooper Rvf_8384,Cell Phones and Accessories,LightSkyBlue,2195.69,2708.64
148,Doyle-Mclean TCf_0376,Beauty,MediumSlateBlue,4687.73,5622.96
328,"Tran, Jones and Porter rRe_9547",Movies and TV,MediumOrchid,3903.41,4662.39
93,Norris-Ramirez XDh_0356,Books,MediumTurquoise,4181.87,5145.73
14,Johnson-Mccarthy Reo_3947,Health and Personal Care,Indigo,281.13,318.91
321,"Brown, Banks and Cooper bjG_5080",CDs and Vinyl,MistyRose,4579.59,5430.51
275,"Wright, Collins and Strickland mzt_1545",Health and Personal Care,MediumVioletRed,1156.26,1313.59
331,Mcknight LLC lAv_8724,Cell Phones and Accessories,DarkBlue,2092.18,2614.6
301,Brown Inc vcR_3696,Cell Phones and Accessories,Fuchsia,4279.25,5087.98
43,"Harmon, Small and Davis jcP_5675",Tools and Home Improvement,FireBrick,2734.47,3524.77
344,Sanchez-Hernandez IPu_7666,Apps for Android,Sienna,3315.81,3868.06
216,Marks Group zRx_7779,CDs and Vinyl,Crimson,571.51,721.41
62,Hendricks Group ykl_9608,"Clothing, Shoes and Jewelry",Gray,1758.64,2008.62
311,Powell-Roberts neF_3573,Pet Supplies,PaleVioletRed,4931.95,5518.33
351,Roberts-Valdez ryN_6279,Cell Phones and Accessories,DarkGoldenRod,2289.55,2912.66
370,Garza Ltd dRB_3562,Pet Supplies,Coral,4889.46,6318.9
354,Smith-Perez iJg_4065,Electronics,Snow,1326.83,1581.07
381,"Leon, Duarte and Young QIe_7816","Clothing, Shoes and Jewelry",PowderBlue,212.0,245.19
446,Reed LLC rPY_1961,Electronics,LightBlue,1825.82,2223.09
280,Duffy Ltd dbR_9509,Pet Supplies,DodgerBlue,3977.82,4380.37
378,Miller-Walker zGJ_7969,Office Products,BurlyWood,1098.05,1412.25
323,"Rodriguez, Hernandez and Vasquez kkZ_5574",Apps for Android,Salmon,3561.47,4071.42
360,Cantu LLC drS_2639,Automotive,Peru,2545.91,3145.66
377,Chapman-Kemp mCP_8749,Toys and Games,DarkGoldenRod,237.58,306.6
94,"Fowler, Welch and Baldwin TwR_3237",Books,DarkOliveGreen,4859.26,5580.85
465,Becker Ltd eQO_9515,Video Games,Yellow,1712.9,2097.02
400,"Taylor, Mann and Caldwell MdX_0847",Books,Sienna,2445.46,2733.23
19,Johnson Inc pkZ_9864,Musical Instruments,Olive,299.26,378.99
391,Howell PLC Awk_2336,Grocery and Gourmet Food,DarkGray,1268.73,1622.83
331,Dudley-Davis dIj_3245,Apps for Android,NavajoWhite,3875.92,4808.29
404,Johnson-Hall QcI_2041,CDs and Vinyl,Chartreuse,3006.21,3343.33
485,Brown-Daniel qkQ_7072,"Clothing, Shoes and Jewelry",GhostWhite,1159.29,1481.67
480,Jordan PLC vVF_8760,Books,NavajoWhite,2610.91,3165.23
446,"Johnson, Ortiz and Smith lkw_0902",Sports and Outdoors,Crimson,3257.83,4055.85
137,Cantrell PLC ukL_9396,Musical Instruments,Maroon,4499.4,5311.22
150,Chapman-Schneider MiF_2190,CDs and Vinyl,YellowGreen,4484.09,5675.15
358,"Hernandez, Rich and Hurst vpS_5265",CDs and Vinyl,LightGreen,758.46,843.23
326,Robinson and Sons cOt_1102,Instant Video,LightBlue,1892.98,2393.93
160,"Waters, Miller and Alvarez sGN_9202",Toys and Games,Peru,2975.98,3375.87
156,Gordon Ltd XYy_0615,Toys and Games,Peru,4750.75,6167.35
411,Bruce Inc aDD_7199,Toys and Games,Orange,3732.29,4750.86
129,"Hamilton, Evans and Turner fzI_0920",Kindle Store,DarkOrchid,2776.38,3127.88
460,"Olsen, Colon and Reed oKr_2119",Health and Personal Care,DarkViolet,2610.62,3206.25
10,"Cunningham, Rice and Hatfield LCY_0024",Kindle Store,LightGoldenRodYellow,1285.27,1604.67
298,Richards PLC fQq_2304,Instant Video,GhostWhite,2030.51,2475.71
356,Lang Ltd IFt_5985,Toys and Games,PaleTurquoise,192.25,219.27
131,Richardson-Guerra AeI_1972,Books,Linen,3903.94,4439.43
320,Clark-Brown WUu_3080,Automotive,DarkGreen,1352.52,1611.69
483,"Hebert, Sullivan and Watson RGh_6973",Health and Personal Care,GhostWhite,2613.08,2907.68
195,Wright-Waters dog_9056,Apps for Android,SeaGreen,4096.43,5072.17
2,"Casey, Fisher and Gould BcZ_4314",Apps for Android,Red,2584.49,3307.25
36,Bell and Sons cyU_1241,CDs and Vinyl,DarkSalmon,2796.62,3308.22
302,Chapman Group AxG_8771,Electronics,Maroon,1967.02,2491.58
351,"Kerr, Burch and Ball TSg_4906",Musical Instruments,Lime,1463.18,1860.51
108,"Shepard, Williams and Horne tGV_1706",Books,MidnightBlue,4491.23,5183.14
314,"Russell, Jones and Henry CXK_9259",Automotive,Sienna,2162.07,2451.14
363,Wright PLC Ftl_7733,Apps for Android,BlueViolet,4752.51,5881.57
258,"Ward, Raymond and Davis qjH_6350",Toys and Games,Cornsilk,2219.43,2681.92
390,"Ray, King and Francis Vkv_0609",Office Products,DarkSalmon,1876.61,2212.76
146,Cunningham-Joseph wjb_1709,Books,Lavender,2717.63,3044.49
285,Faulkner-Bass CBJ_4010,Office Products,SkyBlue,1068.12,1276.51
51,Campbell-Glenn HJk_9561,Beauty,SpringGreen,2441.81,2700.33
228,Estrada-Holmes Adj_5024,Home and Kitchen,SandyBrown,3782.41,4265.79
57,Church-Patterson LMM_9542,Musical Instruments,GoldenRod,1553.14,1836.63
350,Fisher-Mendez caG_8776,Musical Instruments,SteelBlue,2388.31,2761.86
5,Lambert-Nichols uWM_0659,Kindle Store,LightYellow,2639.39,3005.68
205,Crawford PLC NZi_0637,Books,Sienna,1766.78,2041.95
265,"Williams, Morris and Smith BmM_1449",Baby,LightSeaGreen,3165.7,3886.4
361,Lucas-Young eZu_4270,Toys and Games,DarkTurquoise,495.55,583.66
294,Jones-Vargas dlh_9526,Toys and Games,Gold,4047.3,4589.41
477,"Day, Morton and Thomas ONM_7320",Automotive,LightGray,2048.15,2541.83
274,"Day, Mays and Kim aQX_1477","Clothing, Shoes and Jewelry",Teal,2390.42,2780.08
389,"Bryan, Deleon and Carter bGn_0087",Video Games,LightGoldenRodYellow,4185.34,5370.83
488,Alvarado-Williams cBW_5537,Musical Instruments,Sienna,3313.98,4069.51
477,Murphy Group nNA_7398,Office Products,DarkCyan,992.69,1258.56
308,Turner-Sandoval mOI_6084,Health and Personal Care,Black,4801.23,5998.54
41,Smith-Sloan smu_2998,Video Games,Teal,2294.16,2714.02
112,"Gonzalez, Lambert and Schultz Nki_1199",Baby,Salmon,2488.49,3182.35
89,Brown LLC MNT_1487,Grocery and Gourmet Food,LightSlateGray,440.43,560.61
290,Daniels-Noble GId_9644,Digital Music,BurlyWood,107.58,119.14
479,"Maxwell, Strickland and Maddox VNI_6714",Kindle Store,SaddleBrown,4377.01,5570.05
73,"Barnett, Harris and Sanders gZh_4239",Toys and Games,Khaki,4693.82,5748.1
313,Munoz-Stephenson pQd_7552,Office Products,Turquoise,1455.37,1618.55
42,"Kirk, Smith and Cook kGV_3084",Kindle Store,LightGoldenRodYellow,1354.12,1554.73
280,Turner-Williams iUg_9963,Musical Instruments,MediumAquaMarine,1837.39,2294.24
111,Serrano-Dixon GRy_6803,Office Products,LawnGreen,1163.9,1346.31
71,"Watts, Tate and Macdonald koE_6598",Video Games,DarkSalmon,1229.45,1593.97
299,Valdez Ltd abt_4364,Cell Phones and Accessories,LimeGreen,2165.79,2392.18
146,"Romero, Castillo and Castillo jWG_4031",Musical Instruments,Plum,1354.18,1489.71
473,"Johnson, Williams and Rivers VKG_4282",Home and Kitchen,Orange,4328.07,4778.2
255,Torres-Jones MAq_7131,Grocery and Gourmet Food,DarkSeaGreen,1789.74,2280.49
298,"Wright, Johnson and Jones gtK_7064",Tools and Home Improvement,MediumSlateBlue,4945.74,6178.55
392,"Hunt, Johnson and Mccarthy CKW_2436",Video Games,MediumSpringGreen,3945.09,4474.8
411,"Owens, Gutierrez and Ayers Iof_4078",Grocery and Gourmet Food,BlueViolet,1507.2,1680.59
454,Walter-Norton hDt_5121,Office Products,MediumSpringGreen,2407.39,2679.29
217,Smith PLC yzI_6033,Books,LightYellow,2743.57,3141.12
239,Conley PLC bVs_4402,Video Games,Cornsilk,1784.35,2061.84
480,"Harris, Martin and Patterson BMe_2607",Tools and Home Improvement,DarkOliveGreen,504.29,562.87
273,"Montgomery, Vargas and Jackson IrY_5145",CDs and Vinyl,MediumVioletRed,3053.89,3870.52
494,"Burton, Sanchez and Doyle YQI_5572",Musical Instruments,DarkGoldenRod,1689.51,2057.74
145,Wood-Braun RPI_8136,Pet Supplies,Indigo,4271.11,4865.65
33,Torres and Sons ADb_8579,CDs and Vinyl,Azure,2101.7,2342.29
148,"Harris, Jordan and Sims JAS_9650","Clothing, Shoes and Jewelry",GhostWhite,1184.82,1484.02
339,Hawkins-Thompson jzt_1708,Musical Instruments,BlueViolet,1496.32,1663.89
367,Washington-Perkins WOS_2134,Beauty,Sienna,3119.21,3597.64
454,"Snyder, Schaefer and Phillips AqN_1784",Toys and Games,Yellow,2338.72,3031.33
141,"Conrad, Nelson and Rice kyq_4393",Automotive,Orchid,4879.51,6276.1
125,Lee Group KFw_9363,Musical Instruments,Pink,2475.21,2763.06
131,"Dillon, Schneider and Hays HUS_7075","Patio, Lawn and Garden",CornflowerBlue,4041.5,4908.32
496,Reyes-Jones QCw_9573,Home and Kitchen,Yellow,2615.85,3034.05
297,Stevens-Butler tMA_9675,Electronics,LawnGreen,3026.22,3458.65
326,Castro Ltd WIq_8516,Tools and Home Improvement,SpringGreen,4273.28,5325.96
402,"Randall, Anderson and King DjK_3426",Cell Phones and Accessories,PaleTurquoise,910.63,1055.15
283,"Hughes, Martinez and Klein AwF_8186",Pet Supplies,LightSalmon,2968.54,3405.75
299,Roberts-Fields Jhc_8973,"Patio, Lawn and Garden",Snow,3186.92,3918.37
313,"Holmes, Daniel and Greer lBQ_8262",Health and Personal Care,Crimson,2156.61,2588.65
65,Gonzales Inc cZI_0553,Musical Instruments,FloralWhite,1343.3,1698.53
486,Washington Group JEC_7080,Home and Kitchen,Bisque,162.79,205.08
170,Garcia-Mullins jeV_4938,Tools and Home Improvement,Green,2070.26,2579.25
434,"Harrison, Spence and Munoz FHe_5570",Digital Music,NavajoWhite,1245.1,1556.27
178,Myers-Olson IwS_5487,Toys and Games,LightGreen,1385.01,1729.97
140,Anderson and Sons sRi_4252,Home and Kitchen,Green,813.35,970.79
176,"Martin, Bender and Morrison pDJ_5905",Baby,Chartreuse,4887.45,5671.45
428,"Jimenez, Mcdaniel and Dillon hbN_9815","Clothing, Shoes and Jewelry",LightSlateGray,2173.93,2685.0
95,"Sloan, Munoz and Wang YIf_0037","Patio, Lawn and Garden",Navy,1331.12,1676.92
302,"Callahan, Mills and Martin erc_3532","Clothing, Shoes and Jewelry",Sienna,1401.0,1659.84
93,"Hernandez, Robinson and Gonzalez Zcs_6282",Electronics,PeachPuff,1012.56,1306.49
313,Henderson Inc qGL_6665,Sports and Outdoors,LawnGreen,2491.31,3061.71
51,"Huffman, Mcdonald and Smith ZiA_6486",Sports and Outdoors,MidnightBlue,4980.57,6365.15
149,"Middleton, Mejia and Andrews TpR_4433",Grocery and Gourmet Food,DarkSlateBlue,1817.76,2303.58
492,Andrade and Sons vdL_7187,Beauty,Lavender,4465.93,5445.06
79,Gilbert-Smith yKd_7120,Grocery and Gourmet Food,Green,959.54,1122.03
455,"Rojas, Williams and Mercado czE_2923",Pet Supplies,LightSalmon,3964.62,4482.85
395,Powers-Bennett ndo_1675,Sports and Outdoors,Tan,4086.05,4546.79
66,"Wu, Oneill and Melton Piv_0655",Tools and Home Improvement,Lavender,2602.54,2897.48
388,Leon Ltd HnY_2638,Musical Instruments,SpringGreen,593.43,683.56
385,Dunn Group GzC_5620,Health and Personal Care,MediumVioletRed,3227.07,3873.29
403,Obrien-Dawson QTE_7769,Sports and Outdoors,Crimson,3955.94,4564.69
48,"Knight, Crane and Marshall xPL_8608",Baby,Lime,1032.03,1203.83
213,"Patel, Vargas and Marquez JJQ_7798",Home and Kitchen,DarkCyan,3722.28,4650.1
349,Lopez-Brown MwY_1976,Toys and Games,DarkCyan,4994.07,6419.69
368,Blevins-Santiago oKA_3680,Grocery and Gourmet Food,LightSkyBlue,145.25,163.39
297,"Morgan, Thomas and Bird WyY_5789",Beauty,AntiqueWhite,2699.53,3490.79
253,"Sims, Hill and Bentley WOF_5481","Clothing, Shoes and Jewelry",FloralWhite,1883.32,2411.48
338,Potts-Barrera Jhx_0681,Cell Phones and Accessories,DarkOliveGreen,2327.52,2802.84
425,Young Inc ppH_9105,Instant Video,Salmon,542.76,669.73
237,"Moore, Lewis and Chaney jJh_7412",Home and Kitchen,GoldenRod,699.08,880.18
65,"Brown, Sheppard and Duran CIu_9346",Cell Phones and Accessories,LavenderBlush,3166.13,3869.35
10,Wright Group dCU_5175,Musical Instruments,LightCyan,3162.74,3857.97
33,Taylor-Roman qFh_6077,Baby,Purple,2014.74,2376.61
79,Dunn-Morse GhD_4741,Kindle Store,NavajoWhite,2156.22,2493.13
327,Le and Sons AQO_9063,Health and Personal Care,YellowGreen,416.98,512.35
376,"Todd, Blackwell and Tanner wDe_1089",Musical Instruments,Maroon,1927.99,2122.32
272,Mccoy LLC Zcr_9413,Tools and Home Improvement,LightSkyBlue,3101.54,3982.36
39,"Knox, Mendez and Jones Nza_6990",Grocery and Gourmet Food,Chocolate,135.49,173.32
93,Davis-Ashley Jrn_1988,Cell Phones and Accessories,PapayaWhip,2850.97,3304.33
146,"Davis, Palmer and West Bjo_9614",Musical Instruments,ForestGreen,290.57,325.84
462,"Park, Pratt and Williams kuZ_2441",Movies and TV,HotPink,637.01,759.45
448,Kelly-Rios xCN_5463,Toys and Games,DarkSlateBlue,672.34,864.04
257,Copeland-Green Ady_1605,Automotive,SeaShell,3840.05,4839.75
450,"Berg, Costa and Moore uDb_0817",Sports and Outdoors,DimGray,1047.82,1279.38
184,Wilson-Knight fIe_0478,Toys and Games,Moccasin,4460.53,5684.5
342,"Chapman, Johnson and Adams ZIK_6616",Digital Music,LightGoldenRodYellow,3167.87,3748.04
175,Nelson-Lopez zva_4695,Video Games,FireBrick,4899.71,5486.71
310,Johnston-Rodriguez cHG_8840,Movies and TV,MediumAquaMarine,3445.47,4464.78
83,Richard LLC PnP_9893,Tools and Home Improvement,Lavender,4128.99,5248.26
53,"Scott, Edwards and Collier Rev_4464",Kindle Store,BurlyWood,473.77,580.01
15,"Vaughn, Clark and Morrison vik_4834",Beauty,DarkViolet,4203.52,4778.88
443,Hernandez-Zamora hod_9146,Pet Supplies,Lavender,2826.27,3301.7
338,Carroll-White mts_3239,Apps for Android,DarkGray,4760.92,5611.85
254,Kennedy-Tyler OuO_0111,Cell Phones and Accessories,LightPink,3881.24,5004.07
283,Miller-Montgomery MFG_3353,Books,Black,2053.34,2442.14
441,"Meyer, Johnson and Parker XBT_1552",CDs and Vinyl,DarkOrange,1421.77,1781.65
96,Swanson Ltd Srb_2412,Instant Video,DarkKhaki,1498.18,1902.15
488,Garcia-Simon APE_9058,Sports and Outdoors,AliceBlue,3891.14,4880.28
396,Lee-Roberts xth_6085,Kindle Store,Khaki,4566.53,5825.24
124,Montes Ltd trU_3682,Musical Instruments,Silver,2633.84,3034.91
411,Huynh Group zvX_1219,Electronics,LightGoldenRodYellow,2170.87,2635.37
221,Reyes-Lee FlJ_5371,Pet Supplies,DeepSkyBlue,2600.72,2900.22
102,Schroeder Inc COf_4129,"Clothing, Shoes and Jewelry",LightSkyBlue,745.11,949.37
126,"Rogers, Nichols and Lucero sXp_6261",Tools and Home Improvement,DarkGreen,292.07,322.56
77,Gould-Davis nJK_1665,Automotive,BlanchedAlmond,4890.92,6157.3
416,"Smith, Williams and Ruiz GjK_9056",Home and Kitchen,BlanchedAlmond,130.79,153.27
334,Joyce PLC Rdk_0247,"Clothing, Shoes and Jewelry",BlanchedAlmond,1352.17,1692.48
319,Reid-Molina jIx_7267,Musical Instruments,Plum,2159.57,2609.69
16,"Morrison, Jenkins and Harper lVC_3245",Beauty,HotPink,2351.17,2707.8
145,Powers-Douglas ndv_6041,Health and Personal Care,DeepPink,819.41,970.14
237,Smith Ltd ViX_4070,Instant Video,Blue,3838.87,4320.36
77,Daniels Group AHd_6567,"Patio, Lawn and Garden",Sienna,4402.51,5329.21
33,Wood-Valencia jsf_2182,Books,SlateGray,917.08,1074.76
442,"Johnson, King and Velasquez aAd_3629",Movies and TV,GoldenRod,256.41,293.47
481,Walton LLC SGG_8092,Kindle Store,Plum,3805.83,4481.42
272,"Holland, Medina and Carney shQ_1987",CDs and Vinyl,MediumSpringGreen,2169.97,2449.65
413,"Ruiz, Carr and Bullock xch_7431",Musical Instruments,DarkOrange,4705.9,5911.37
106,Allen and Sons Ost_1920,Home and Kitchen,Maroon,2398.78,2640.55
192,"Andersen, Gonzalez and Barton sZH_1327",Movies and TV,Black,399.87,519.28
168,"Winters, Johnson and Roman uok_3846",Movies and TV,LightSteelBlue,4238.96,5135.56
151,Yoder-Archer Yzm_6183,CDs and Vinyl,Green,3263.41,4109.29
165,Henry LLC OIj_3813,Movies and TV,CadetBlue,1786.74,2090.02
35,"Sparks, Wilkins and Lawson SAs_3939",Digital Music,Lime,745.55,829.78
377,Mendoza-Allen FtA_4048,CDs and Vinyl,IndianRed,1237.5,1492.38
174,Sanchez LLC LyE_2390,Grocery and Gourmet Food,DeepSkyBlue,2693.88,3073.09
350,"Powell, Anderson and Stewart jHa_7617","Clothing, Shoes and Jewelry",LightGray,3808.19,4936.78
207,"Hobbs, Porter and Cooper xbl_6672",Home and Kitchen,GoldenRod,411.79,508.36
423,"Brown, Wilson and Webb vmg_1756",Pet Supplies,Orchid,3770.44,4522.84
118,Hines Inc vgu_8465,Movies and TV,Magenta,4924.54,5640.1
135,"Rice, May and Rodriguez PMh_9802",Apps for Android,MediumSlateBlue,2835.41,3486.42
178,Guzman-Ward jok_2246,Kindle Store,Aqua,710.61,864.74
267,Simpson-Rodgers TPf_7500,Toys and Games,DeepSkyBlue,2042.21,2380.12
258,"Alvarado, Mccarthy and Wiley TZG_6697",CDs and Vinyl,DodgerBlue,1971.22,2524.53
145,"Adams, Watts and Alvarez WdJ_9645",Tools and Home Improvement,Tan,2929.59,3769.8
258,Rodgers Group AXg_3195,Home and Kitchen,PapayaWhip,365.67,431.56
177,"Taylor, Garza and Shaw EoH_6522","Patio, Lawn and Garden",ForestGreen,3885.89,4573.49
425,Barnes-Soto svv_8272,Apps for Android,DarkOliveGreen,3542.84,4506.16
51,Erickson Inc AbS_0763,Grocery and Gourmet Food,DarkSalmon,4064.82,4793.13
286,Martinez-Gonzales jkd_9616,Apps for Android,DarkBlue,211.87,246.39
475,Ramirez-Frey Ydu_7105,Beauty,AliceBlue,1747.05,2084.74
71,Ali and Sons Fas_4954,Books,Green,2735.97,3192.57
203,Smith-Porter zcm_7143,Instant Video,MediumTurquoise,4653.04,5622.62
451,Garcia Ltd zaN_4753,Electronics,DarkKhaki,2078.47,2664.93
335,"Case, Bentley and Paul lVY_7350",Pet Supplies,MidnightBlue,972.65,1224.1
125,"Le, Robbins and Vazquez PAS_5958",CDs and Vinyl,LightSteelBlue,2142.64,2729.26
249,Vega and Sons PVk_7246,CDs and Vinyl,PapayaWhip,4510.31,5226.52
440,Gray and Sons lbY_0308,Kindle Store,SeaShell,3040.4,3507.97
108,West-Weiss TEw_9080,Electronics,AntiqueWhite,149.18,183.77
365,"White, Conrad and Jimenez aTD_2243",Office Products,DarkRed,3013.18,3755.31
276,Adkins-Richards Vok_1713,Instant Video,Tomato,4208.21,4894.16
477,"Hamilton, Davis and Morton tLa_7680",Grocery and Gourmet Food,Black,3840.81,4303.76
71,Harvey-Nelson Bgn_4406,Beauty,DeepSkyBlue,1557.3,2023.41
389,Jones LLC lmo_7396,"Clothing, Shoes and Jewelry",Yellow,3526.9,4289.91
127,Wheeler-Martinez kXv_7353,Movies and TV,Green,4406.06,5489.97
452,Patterson Group Lfa_2914,Sports and Outdoors,Bisque,2580.03,3352.93
429,Long-Hooper BUL_1188,Musical Instruments,LavenderBlush,4896.31,6020.45
74,"Jones, Rodriguez and Wells Duu_9730",CDs and Vinyl,Red,3235.9,4148.06
319,"Garner, Anderson and Morgan XgV_3637",Cell Phones and Accessories,GhostWhite,2901.23,3696.33
335,Mack-Bright sgD_0505,Video Games,OldLace,1414.32,1747.8
92,Thomas-Moore Rok_7118,Home and Kitchen,Magenta,3785.5,4183.9
335,Gomez PLC Mkl_5608,Baby,PaleGreen,1830.59,2032.7
81,Thomas-Jones wmg_5145,Musical Instruments,MidnightBlue,142.75,183.59
95,Ortiz LLC wSP_4917,Video Games,Lime,2214.85,2556.71
404,Robinson-Leach mtZ_6921,"Patio, Lawn and Garden",Black,2457.38,2768.71
383,"Williams, Peters and Newton GrG_4970",Musical Instruments,LightGreen,1335.87,1543.8
297,Gonzalez and Sons chI_2838,Sports and Outdoors,Purple,2651.28,3304.41
350,Collins-Green oni_8740,CDs and Vinyl,Gold,4925.7,6337.83
482,Jones LLC cIk_5503,Instant Video,Black,645.43,765.24
70,James LLC QAx_1367,Health and Personal Care,FireBrick,325.65,417.46
449,Lee-Rodriguez UhZ_9884,"Clothing, Shoes and Jewelry",CornflowerBlue,3221.67,3823.78
98,Schwartz-Terry XbH_6318,Grocery and Gourmet Food,BlueViolet,2822.89,3334.11
85,Wagner-Howard vbY_7034,Instant Video,LightSlateGray,2708.39,3469.42
171,"Watkins, Hill and Cooper aoK_4810",Movies and TV,MediumVioletRed,985.57,1174.98
29,"Velasquez, Fuentes and Lopez LqU_4740",Health and Personal Care,MediumSeaGreen,2635.83,3139.39
213,"Erickson, Roth and Sanders jTK_6139",Kindle Store,MediumPurple,3334.8,3798.82
44,Thomas-Irwin jbS_8838,Tools and Home Improvement,PowderBlue,4876.85,5892.7
134,Bryant and Sons ziS_8137,Toys and Games,Orange,606.86,739.33
101,"Barber, Contreras and Graham VQo_3322",Toys and Games,ForestGreen,3297.4,4005.23
368,Brown-Herring ptU_4475,Home and Kitchen,HoneyDew,609.28,728.62
447,Mcdonald-Owens ISQ_7715,Beauty,Yellow,2116.6,2719.56
142,Lozano Group mMp_7976,Sports and Outdoors,LightSlateGray,4832.47,5364.18
96,"Richards, Carlson and Smith LlQ_9753",Tools and Home Improvement,LightGoldenRodYellow,2132.83,2377.49
245,"Porter, Atkins and Lewis DvP_3135",Tools and Home Improvement,Orchid,2131.68,2413.29
338,Rogers PLC jpj_3020,Movies and TV,Yellow,295.55,379.83
132,Dean-Campbell yze_9971,Video Games,Lavender,1597.25,1816.35
449,"Navarro, Figueroa and Nelson fpQ_7924",CDs and Vinyl,Black,1256.78,1586.25
463,Hughes-Schroeder Xib_1326,Toys and Games,LightGoldenRodYellow,2432.87,2683.45
477,Tapia-Roberts spY_3674,Electronics,DarkGoldenRod,4219.57,4821.12
297,Sanchez-Martin eZb_8337,Beauty,BurlyWood,4771.75,5546.71
303,"Matthews, Mccarthy and Franklin Tfy_1958",Beauty,PeachPuff,4583.69,5075.74
338,Griffin Group ZBt_5891,Electronics,Moccasin,4791.67,5471.71
408,"Day, Ponce and Villanueva WtS_1407",Tools and Home Improvement,Turquoise,2008.46,2542.99
240,"Palmer, Hurley and Lopez Pmz_2889",Video Games,Gainsboro,458.79,545.56
368,Shaw and Sons iBN_3143,Beauty,SkyBlue,4625.05,5355.36
252,Martin LLC dvS_1181,Office Products,DarkMagenta,4497.88,5785.83
66,"Wright, Cochran and Mcfarland XaX_3868",Digital Music,MediumSlateBlue,2224.72,2805.12
206,"Jackson, Mendoza and Patrick oCy_2756",CDs and Vinyl,Green,3149.77,4048.78
227,"Williams, Curtis and Russo fEl_8521",Instant Video,SlateGray,764.56,928.79
419,"Williams, Ortiz and Harvey hci_6739",Video Games,Wheat,4316.38,5441.66
241,"Ward, Rodriguez and Johnson nxk_0247",Musical Instruments,DarkBlue,1891.41,2154.67
457,"Baker, Mccann and Cortez hpv_5308",Sports and Outdoors,Snow,543.5,693.23
494,"Wilson, Harper and Silva zmN_3979",Movies and TV,LightSteelBlue,4346.77,4995.34
417,"Kirk, Wood and Mcfarland Ykg_5942",Pet Supplies,CornflowerBlue,2622.32,3301.73
56,Hunt and Sons YAM_5266,CDs and Vinyl,MediumSpringGreen,849.01,1027.52
152,Forbes Ltd rmJ_4403,Books,Khaki,3586.12,4377.87
494,Shepard-Brennan INO_0729,Toys and Games,AliceBlue,3312.92,3910.44
24,Martin-Hutchinson JjC_3312,Office Products,DarkSeaGreen,1020.8,1215.96
233,"Grant, Greene and Mullins EId_8307",Musical Instruments,MediumTurquoise,3783.43,4400.92
459,Johnson LLC PDO_3485,Apps for Android,SeaShell,2455.16,2791.35
499,Evans Group fDs_6627,Tools and Home Improvement,OrangeRed,2127.7,2597.7
192,Gibson Group Bhs_5746,Books,MediumAquaMarine,1312.05,1597.55
494,Roberson-Torres JjM_8400,"Clothing, Shoes and Jewelry",DarkBlue,1796.9,2119.81
328,Fuller-Matthews KWW_5081,Tools and Home Improvement,OrangeRed,1649.04,1933.06
39,"Smith, Flores and Stanley ARQ_9229",Office Products,SeaShell,4689.36,5290.54
227,"Coleman, Wiley and Perkins tgb_9967",Grocery and Gourmet Food,Orchid,1942.37,2497.82
160,Graham Group APE_7511,Beauty,RoyalBlue,190.02,241.33
24,Stout and Sons KjV_6212,"Clothing, Shoes and Jewelry",DarkGoldenRod,3103.0,3779.1
128,"Callahan, Lowe and Gonzalez eom_6103",Movies and TV,DarkGreen,1478.15,1650.35
157,David-Blackwell mCM_5423,Books,PaleGoldenRod,3135.0,3694.98
482,Martin-Jones kHZ_2010,Movies and TV,PowderBlue,706.12,806.72
125,Schwartz Group SKJ_1040,Instant Video,MediumSpringGreen,1486.45,1926.74
365,Roberts-Wilson PNx_6190,Digital Music,SeaShell,2331.25,2659.17
209,"Baker, Phillips and Rodriguez LYD_4074",Kindle Store,DarkSlateGray,400.23,446.6
345,"Newman, Sandoval and Branch gUM_7411",Digital Music,DarkSlateBlue,1852.86,2179.09
